City_ID,City,Country,Date,Lat,Lng,Max Temp,Humidity,Cloudiness,Wind Speed
0,Ponta Do Sol,PT,2021-12-01 17:46:13,32.6667,-17.1,67.12,62,24,7.43
1,Ushuaia,AR,2021-12-01 17:45:10,-54.8,-68.3,53.26,47,40,13.8
2,Mataura,NZ,2021-12-01 17:46:14,-46.1927,168.8643,51.48,97,26,1.81
3,Petropavlovsk-Kamchatskiy,RU,2021-12-01 17:43:28,53.0452,158.6483,23.59,100,90,8.95
4,Talnakh,RU,2021-12-01 17:46:14,69.4865,88.3972,-21.96,97,87,6.64
5,Vieste,IT,2021-12-01 17:46:15,41.8825,16.175,54.32,67,46,14.52
6,Zhezkazgan,KZ,2021-12-01 17:46:15,47.8043,67.7144,28.87,76,100,10.78
7,San Ramon,US,2021-12-01 17:46:15,37.7799,-121.978,66.76,75,1,3.44
8,Hermanus,ZA,2021-12-01 17:46:16,-34.4187,19.2345,63.9,72,86,10.22
9,Kapaa,US,2021-12-01 17:46:17,22.0752,-159.319,77.32,84,75,12.66
10,Kahului,US,2021-12-01 17:46:17,20.8947,-156.47,76.84,88,20,3.44
11,Avarua,CK,2021-12-01 17:46:18,-21.2078,-159.775,77.05,88,87,11.5
12,Janauba,BR,2021-12-01 17:46:18,-15.8025,-43.3089,78.73,79,94,4.23
13,Sagua De Tanamo,CU,2021-12-01 17:46:19,20.5819,-75.2414,86.43,49,11,8.9
14,New Norfolk,AU,2021-12-01 17:46:19,-42.7826,147.0587,59.67,73,94,0.94
15,Tiksi,RU,2021-12-01 17:46:20,71.6872,128.8694,-26.07,99,96,5.61
16,Barrow,US,2021-12-01 17:46:21,71.2906,-156.7887,-18.38,76,1,8.05
17,Busselton,AU,2021-12-01 17:44:15,-33.65,115.3333,51.08,87,4,9.22
18,Rikitea,PF,2021-12-01 17:46:21,-23.1203,-134.9692,76.19,68,1,19.66
19,Port Elizabeth,ZA,2021-12-01 17:41:32,-33.918,25.5701,71.1,77,0,11.5
20,Avallon,FR,2021-12-01 17:46:23,47.4833,3.9,43.07,93,99,14.07
21,Shenjiamen,CN,2021-12-01 17:46:23,29.9576,122.298,49.48,65,100,16.53
22,Narsaq,GL,2021-12-01 17:46:23,60.9167,-46.05,37.62,88,97,30.36
23,Geraldton,AU,2021-12-01 17:46:24,-28.7667,114.6,63.01,67,40,16.11
24,Muroto,JP,2021-12-01 17:46:24,33.2833,134.15,47.35,56,2,10.94
25,Hasaki,JP,2021-12-01 17:46:25,35.7333,140.8333,48.6,50,17,14.76
26,Thompson,CA,2021-12-01 17:46:20,55.7435,-97.8558,-0.24,85,90,13.8
27,Jamestown,US,2021-12-01 17:46:25,42.097,-79.2353,40.08,75,75,10.36
28,Maputo,MZ,2021-12-01 17:43:48,-25.9653,32.5892,76.68,84,40,3.0
29,Itaituba,BR,2021-12-01 17:46:26,-4.2761,-55.9836,89.76,66,40,4.61
30,Faanui,PF,2021-12-01 17:46:26,-16.4833,-151.75,79.92,76,100,21.74
31,Albany,US,2021-12-01 17:46:27,42.6001,-73.9662,43.45,69,99,8.12
32,Yellowknife,CA,2021-12-01 17:46:27,62.456,-114.3525,-5.58,84,90,10.36
33,Rock Sound,BS,2021-12-01 17:46:28,24.9,-76.2,77.32,64,2,12.55
34,Punta Arenas,CL,2021-12-01 17:42:26,-53.15,-70.9167,55.51,38,40,23.02
35,Puqi,CN,2021-12-01 17:46:28,29.7167,113.8833,42.33,41,0,0.58
36,Ilulissat,GL,2021-12-01 17:46:29,69.2167,-51.1,39.22,70,75,18.41
37,Loandjili,CG,2021-12-01 17:46:29,-4.7561,11.8578,77.23,91,98,4.97
38,Butaritari,KI,2021-12-01 17:46:29,3.0707,172.7902,81.73,76,74,10.45
39,Norman Wells,CA,2021-12-01 17:44:00,65.282,-126.8329,-23.76,62,90,5.75
40,Dubrovnik,HR,2021-12-01 17:46:30,42.6481,18.0922,53.24,58,90,16.11
41,Tura,IN,2021-12-01 17:46:30,25.5198,90.2201,63.5,69,49,3.36
42,Marienburg,PL,2021-12-01 17:46:31,54.0359,19.0266,36.84,98,100,18.5
43,La Peca,PE,2021-12-01 17:46:31,-5.6111,-78.435,84.24,50,89,3.36
44,Georgetown,MY,2021-12-01 17:45:12,5.4112,100.3354,80.53,92,20,3.0
45,Verkhnya Syrovatka,UA,2021-12-01 17:46:32,50.829,34.9586,30.36,71,100,12.5
46,Nadezhda,RU,2021-12-01 17:46:32,44.1,44.6,39.06,79,97,10.49
47,Hovd,MN,2021-12-01 17:47:32,48.0056,91.6419,16.74,62,0,1.63
48,Longyearbyen,SJ,2021-12-01 17:47:33,78.2186,15.6401,4.84,72,20,4.61
49,Lagoa,PT,2021-12-01 17:47:33,39.05,-27.9833,63.32,83,42,14.29
50,Flin Flon,CA,2021-12-01 17:47:34,54.7682,-101.865,15.64,86,90,8.05
51,Saint-Philippe,RE,2021-12-01 17:47:34,-21.3585,55.7679,74.79,74,13,11.16
52,Port Alfred,ZA,2021-12-01 17:47:35,-33.5906,26.891,68.94,85,66,20.42
53,Taltal,CL,2021-12-01 17:47:35,-25.4,-70.4833,66.83,68,10,9.37
54,Esperance,AU,2021-12-01 17:47:36,-33.8667,121.9,55.24,74,47,7.31
55,Chizhou,CN,2021-12-01 17:47:36,30.6578,117.4831,37.47,41,0,3.15
56,Castro,BR,2021-12-01 17:47:19,-24.7911,-50.0119,84.74,31,0,4.27
57,Ostrovnoy,RU,2021-12-01 17:47:37,68.0531,39.5131,24.98,85,100,35.48
58,Lamu,KE,2021-12-01 17:47:37,-2.2717,40.902,82.62,76,84,11.07
59,Kenora,CA,2021-12-01 17:46:23,49.8167,-94.4337,33.19,100,90,9.22
60,Vao,NC,2021-12-01 17:47:38,-22.6667,167.4833,76.26,82,59,19.82
61,Ribeira Grande,PT,2021-12-01 17:47:38,38.5167,-28.7,64.8,77,75,4.61
62,Hobart,AU,2021-12-01 17:47:39,-42.8794,147.3294,60.03,83,90,1.14
63,Mocuba,MZ,2021-12-01 17:47:39,-16.8392,36.9856,77.92,81,21,7.07
64,Bambous Virieux,MU,2021-12-01 17:47:40,-20.3428,57.7575,77.25,78,40,8.05
65,Mulege,MX,2021-12-01 17:47:40,26.8833,-111.9833,77.43,25,0,3.76
66,Cape Town,ZA,2021-12-01 17:47:17,-33.9258,18.4232,65.08,57,88,15.21
67,Namibe,AO,2021-12-01 17:47:41,-15.1961,12.1522,70.75,77,49,5.46
68,Bluff,NZ,2021-12-01 17:47:41,-46.6,168.3333,51.8,90,10,3.49
69,Chuy,UY,2021-12-01 17:47:42,-33.6971,-53.4616,68.77,53,42,10.4
70,Prado,BR,2021-12-01 17:47:42,-17.3411,-39.2208,78.21,89,99,12.82
71,Cumana,VE,2021-12-01 17:47:43,10.4635,-64.1775,91.49,72,92,7.11
72,Khandyga,RU,2021-12-01 17:47:43,62.6667,135.6,-34.19,97,21,2.04
73,Beloha,MG,2021-12-01 17:47:44,-25.1667,45.05,75.63,85,16,10.07
74,Buenos Aires,AR,2021-12-01 17:42:52,-34.6132,-58.3772,72.99,64,75,11.5
75,Comodoro Rivadavia,AR,2021-12-01 17:45:47,-45.8667,-67.5,80.46,13,0,14.97
76,Airai,TL,2021-12-01 17:45:17,-8.9266,125.4092,61.61,87,99,1.19
77,Banda Aceh,ID,2021-12-01 17:47:45,5.5577,95.3222,78.4,81,56,9.42
78,Guilin,CN,2021-12-01 17:47:46,25.2819,110.2864,42.91,61,29,4.7
79,Vaini,TO,2021-12-01 17:47:46,-21.2,-175.2,77.16,83,75,8.05
80,Oriximina,BR,2021-12-01 17:47:46,-1.7656,-55.8661,98.4,33,97,3.98
81,Pevek,RU,2021-12-01 17:47:47,69.7008,170.3133,-2.76,97,100,7.36
82,Cauquenes,CL,2021-12-01 17:46:52,-35.9671,-72.3225,78.24,26,74,2.55
83,Bredasdorp,ZA,2021-12-01 17:47:48,-34.5322,20.0403,63.28,70,93,11.86
84,Cap-Aux-Meules,CA,2021-12-01 17:47:48,47.3821,-61.8597,32.05,64,75,14.97
85,Tuktoyaktuk,CA,2021-12-01 17:47:49,69.4541,-133.0374,-27.4,75,20,2.3
86,Doha,QA,2021-12-01 17:47:49,25.2867,51.5333,76.89,71,0,2.3
87,Ashqelon,IL,2021-12-01 17:47:49,31.6693,34.5715,66.09,63,62,17.25
88,Kavieng,PG,2021-12-01 17:47:50,-2.5744,150.7967,82.0,72,33,8.01
89,Ocos,GT,2021-12-01 17:47:50,14.5094,-92.1933,90.32,61,1,4.61
90,Antalaha,MG,2021-12-01 17:48:51,-14.9003,50.2788,74.41,88,7,6.06
91,Svetlaya,RU,2021-12-01 17:48:51,46.5389,138.3297,18.86,57,100,18.92
92,Luderitz,NA,2021-12-01 17:48:52,-26.6481,15.1594,65.41,66,0,22.06
93,Bengkulu,ID,2021-12-01 17:48:52,-3.8004,102.2655,75.33,88,67,4.18
94,Hambantota,LK,2021-12-01 17:48:52,6.1241,81.1185,77.02,83,2,4.45
95,Grindavik,IS,2021-12-01 17:43:53,63.8424,-22.4338,28.87,69,75,8.05
96,College,US,2021-12-01 17:48:53,64.8569,-147.8028,-2.25,77,90,0.0
97,Aranos,NA,2021-12-01 17:48:53,-24.1333,19.1167,83.44,26,67,16.73
98,Port Hedland,AU,2021-12-01 17:48:54,-20.3167,118.5667,80.65,78,6,11.5
99,Luganville,VU,2021-12-01 17:48:54,-15.5333,167.1667,79.47,84,80,5.84
100,Mareeba,AU,2021-12-01 17:48:55,-17.0,145.4333,72.45,94,69,2.17
101,Tasiilaq,GL,2021-12-01 17:48:55,65.6145,-37.6368,19.92,93,100,28.92
102,Kudahuvadhoo,MV,2021-12-01 17:48:56,2.6708,72.8944,81.14,80,94,7.11
103,Severo-Kurilsk,RU,2021-12-01 17:48:56,50.6789,156.125,43.81,92,99,36.89
104,Hithadhoo,MV,2021-12-01 17:48:56,-0.6,73.0833,81.99,74,100,3.02
105,San Jose,US,2021-12-01 17:48:08,37.3394,-121.895,69.85,58,1,1.99
106,Qaanaaq,GL,2021-12-01 17:48:57,77.484,-69.3632,8.06,87,100,3.44
107,Souillac,MU,2021-12-01 17:48:57,-20.5167,57.5167,77.38,78,40,8.05
108,Fortuna,US,2021-12-01 17:45:23,40.5982,-124.1573,50.92,87,1,6.91
109,Kabinda,CD,2021-12-01 17:48:58,-6.1333,24.4833,67.71,94,97,1.5
110,Escarcega,MX,2021-12-01 17:48:58,18.6089,-90.7454,87.64,44,13,2.37
111,Pisco,PE,2021-12-01 17:48:59,-13.7,-76.2167,70.02,73,0,10.36
112,Tuatapere,NZ,2021-12-01 17:48:59,-46.1333,167.6833,51.82,89,4,1.68
113,Rockhampton,AU,2021-12-01 17:48:59,-23.3833,150.5,73.29,100,90,0.0
114,Atar,MR,2021-12-01 17:49:00,20.5169,-13.0499,81.7,12,78,9.75
115,Omboue,GA,2021-12-01 17:49:00,-1.5746,9.2618,78.24,87,88,8.28
116,Kodiak,US,2021-12-01 17:49:01,57.79,-152.4072,15.31,57,90,13.8
117,Lompoc,US,2021-12-01 17:49:01,34.6391,-120.4579,86.13,29,1,6.91
118,Klaksvik,FO,2021-12-01 17:49:02,62.2266,-6.589,32.92,77,100,35.08
119,Qeshm,IR,2021-12-01 17:49:02,26.9581,56.2719,67.89,55,1,5.12
120,Vaitape,PF,2021-12-01 17:49:03,-16.5167,-151.75,79.93,76,100,21.92
121,Hilo,US,2021-12-01 17:49:03,19.7297,-155.09,74.28,91,20,6.91
122,Chokurdakh,RU,2021-12-01 17:49:04,70.6333,147.9167,-27.11,100,100,7.99
123,Lasa,IT,2021-12-01 17:49:04,46.6166,10.7002,39.94,97,93,3.69
124,Bangsund,NO,2021-12-01 17:49:04,64.3968,11.3949,32.92,93,75,4.61
125,Mar Del Plata,AR,2021-12-01 17:47:21,-38.0023,-57.5575,62.62,80,0,15.99
126,Sabha,LY,2021-12-01 17:49:05,27.0377,14.4283,59.47,27,96,8.1
127,Tazovskiy,RU,2021-12-01 17:48:30,67.4667,78.7,-13.07,94,89,11.3
128,Kaeo,NZ,2021-12-01 17:49:06,-35.1,173.7833,61.32,94,100,2.59
129,Vardo,NO,2021-12-01 17:49:07,70.3705,31.1107,33.78,60,75,36.82
130,Deputatskiy,RU,2021-12-01 17:49:07,69.3,139.9,-36.29,100,69,4.12
131,Denpasar,ID,2021-12-01 17:44:11,-8.65,115.2167,76.71,94,40,2.3
132,Agirish,RU,2021-12-01 17:49:08,61.9247,63.0231,21.83,97,100,6.96
133,Mattru,SL,2021-12-01 17:49:09,7.6244,-11.8332,79.93,84,72,4.81
134,Ust-Kuyga,RU,2021-12-01 17:49:09,70.0167,135.6,-38.61,100,98,3.69
135,Maceio,BR,2021-12-01 17:49:04,-9.6658,-35.7353,90.84,55,20,19.57
136,Cidreira,BR,2021-12-01 17:49:10,-30.1811,-50.2056,70.38,64,69,13.87
137,Puerto Ayora,EC,2021-12-01 17:48:30,-0.7393,-90.3518,76.96,76,81,9.31
138,Hollins,US,2021-12-01 17:50:10,37.3413,-79.9431,56.44,73,90,3.44
139,Bam,IR,2021-12-01 17:50:11,29.106,58.357,60.78,32,0,4.12
140,Nikolskoye,RU,2021-12-01 17:50:11,59.7035,30.7861,19.29,95,89,4.36
141,Arraial Do Cabo,BR,2021-12-01 17:50:12,-22.9661,-42.0278,82.36,78,20,16.11
142,Port Macquarie,AU,2021-12-01 17:50:12,-31.4333,152.9167,66.09,100,90,6.91
143,Cabo San Lucas,MX,2021-12-01 17:46:16,22.8909,-109.9124,83.52,64,5,1.01
144,Tukrah,LY,2021-12-01 17:50:13,32.5341,20.5791,62.38,59,48,9.95
145,Campo Grande,BR,2021-12-01 17:50:13,-20.4428,-54.6464,85.55,54,75,9.22
146,Sibolga,ID,2021-12-01 17:50:13,1.7427,98.7792,75.42,87,8,3.2
147,Bria,CF,2021-12-01 17:45:24,6.5423,21.9863,80.47,50,75,1.99
148,Dosso,NE,2021-12-01 17:50:14,13.049,3.1937,84.72,14,7,9.62
149,Amuntai,ID,2021-12-01 17:50:14,-2.4177,115.2494,74.39,94,98,1.05
150,Broome,US,2021-12-01 17:50:15,42.2506,-75.833,42.71,57,40,4.0
151,Grand Gaube,MU,2021-12-01 17:50:16,-20.0064,57.6608,77.4,72,6,1.99
152,Vidim,RU,2021-12-01 17:50:16,56.4088,103.1106,11.01,89,100,6.11
153,Anchorage,US,2021-12-01 17:49:56,61.2181,-149.9003,23.94,90,90,3.0
154,Khatanga,RU,2021-12-01 17:50:16,71.9667,102.5,-35.66,100,100,2.77
155,Avera,US,2021-12-01 17:50:17,33.194,-82.5271,68.05,37,79,7.56
156,Gloria Do Goita,BR,2021-12-01 17:50:17,-8.0017,-35.2928,84.34,41,92,13.78
157,Mashhad,IR,2021-12-01 17:50:18,36.297,59.6062,57.34,47,0,6.91
158,Kalianget,ID,2021-12-01 17:50:18,-7.05,113.9333,78.64,86,99,4.68
159,Wyndham,US,2021-12-01 17:50:18,37.6985,-77.6125,59.99,42,20,1.01
160,Bethel,US,2021-12-01 17:50:19,41.3712,-73.414,48.78,55,1,1.99
161,Surt,LY,2021-12-01 17:50:19,31.2089,16.5887,61.3,56,1,2.15
162,Ossora,RU,2021-12-01 17:50:19,59.2353,163.0719,14.38,89,100,6.42
163,Beyneu,KZ,2021-12-01 17:50:20,45.3167,55.2,47.44,83,16,12.71
164,Simplicio Mendes,BR,2021-12-01 17:50:20,-7.8539,-41.9103,98.15,25,81,6.38
165,Igrim,RU,2021-12-01 17:50:21,63.1906,64.4162,10.31,95,100,5.46
166,Tarauaca,BR,2021-12-01 17:50:21,-8.1614,-70.7656,90.5,46,96,5.48
167,Cherskiy,RU,2021-12-01 17:50:21,68.75,161.3,-20.94,97,100,5.95
168,Winona,US,2021-12-01 17:50:22,43.9666,-91.7668,45.18,87,1,0.0
169,Mandalgovi,MN,2021-12-01 17:50:22,45.7625,106.2708,22.01,43,1,16.89
170,Henties Bay,NA,2021-12-01 17:50:23,-22.116,14.2845,64.85,84,2,11.72
171,Te Anau,NZ,2021-12-01 17:50:23,-45.4167,167.7167,52.66,89,37,0.4
172,Quatre Cocos,MU,2021-12-01 17:50:23,-20.2078,57.7625,77.11,74,43,10.83
173,Hay River,CA,2021-12-01 17:50:24,60.8156,-115.7999,3.18,78,90,4.61
174,Korla,CN,2021-12-01 17:50:24,41.7597,86.1469,23.52,72,0,0.65
175,Bathsheba,BB,2021-12-01 17:50:25,13.2167,-59.5167,86.61,70,40,23.02
176,San Patricio,US,2021-12-01 17:50:25,28.017,-97.5169,79.07,61,99,5.46
177,La Seyne-Sur-Mer,FR,2021-12-01 17:50:25,43.0982,5.8847,54.93,87,100,5.99
178,Sorland,NO,2021-12-01 17:50:26,67.667,12.6934,30.06,59,88,17.83
179,Cayenne,GF,2021-12-01 17:50:26,4.9333,-52.3333,86.04,83,75,1.99
180,Ponta Delgada,PT,2021-12-01 17:50:27,37.7333,-25.6667,68.5,77,40,10.36
181,Repnoye,RU,2021-12-01 17:50:27,51.5921,43.1861,30.87,71,51,10.0
182,Lebu,CL,2021-12-01 17:50:28,-37.6167,-73.65,60.28,62,100,7.36
183,Sistranda,NO,2021-12-01 17:51:28,63.7256,8.834,32.9,52,97,20.22
184,Hanchuan,CN,2021-12-01 17:51:29,30.65,113.7667,39.31,27,0,2.77
185,Saint-Joseph,RE,2021-12-01 17:51:29,-21.3667,55.6167,73.78,71,9,11.39
186,Yumen,CN,2021-12-01 17:51:29,40.2833,97.2,22.28,38,0,2.62
187,La Asuncion,VE,2021-12-01 17:51:30,11.0333,-63.8628,91.13,62,98,11.5
188,Peace River,CA,2021-12-01 17:49:31,56.2501,-117.286,14.31,85,20,9.22
189,Gbarnga,LR,2021-12-01 17:51:30,6.9956,-9.4722,74.89,89,85,2.17
190,Luau,AO,2021-12-01 17:51:31,-10.7073,22.2247,67.44,91,90,3.24
191,Council Bluffs,US,2021-12-01 17:47:39,41.2619,-95.8608,59.85,51,75,4.61
192,Oyek,RU,2021-12-01 17:51:31,52.5861,104.4556,26.98,94,100,10.74
193,Coquimbo,CL,2021-12-01 17:51:32,-29.9533,-71.3436,65.93,59,0,13.8
194,Yeppoon,AU,2021-12-01 17:51:32,-23.1333,150.7333,73.18,87,0,3.56
195,Flinders,AU,2021-12-01 17:51:33,-34.5833,150.8552,63.81,88,4,1.01
196,Hofn,IS,2021-12-01 17:51:33,64.2539,-15.2082,26.08,62,80,11.3
197,Karasjok,NO,2021-12-01 17:51:33,69.4719,25.5112,28.51,82,100,26.71
198,Oster,UA,2021-12-01 17:51:34,50.9506,30.8823,31.89,79,22,7.87
199,Codrington,AU,2021-12-01 17:51:34,-38.2667,141.9667,54.73,97,16,2.86
200,Saskylakh,RU,2021-12-01 17:51:35,71.9167,114.0833,-33.21,99,100,1.83
201,Nouadhibou,MR,2021-12-01 17:49:44,20.931,-17.0347,69.78,56,5,13.8
202,Orneta,PL,2021-12-01 17:51:35,54.1148,20.1333,33.17,98,100,18.7
203,Wanning,CN,2021-12-01 17:51:36,18.8003,110.3967,66.65,67,88,11.56
204,Vila Velha,BR,2021-12-01 17:51:36,-20.3297,-40.2925,82.35,85,0,5.75
205,Katsuura,JP,2021-12-01 17:51:37,35.1333,140.3,50.14,54,9,7.56
206,Ahipara,NZ,2021-12-01 17:51:37,-35.1667,173.1667,61.72,85,100,4.56
207,Tyulgan,RU,2021-12-01 17:51:37,52.3405,56.166,34.3,96,71,9.82
208,Altay,CN,2021-12-01 17:51:38,47.8667,88.1167,19.83,49,26,8.57
209,Upernavik,GL,2021-12-01 17:51:38,72.7868,-56.1549,23.63,67,100,8.81
210,Serra Negra,BR,2021-12-01 17:51:38,-22.6122,-46.7006,82.71,38,13,8.01
211,Maneadero,MX,2021-12-01 17:51:39,31.7167,-116.5667,74.19,33,57,3.44
212,Labuhan,ID,2021-12-01 17:51:39,-6.8844,112.2051,78.49,84,100,3.49
213,Mubende,UG,2021-12-01 17:51:40,0.5606,31.39,66.6,79,98,1.12
214,Lata,PT,2021-12-01 17:51:40,40.1629,-8.3327,54.01,88,100,8.9
215,Abu Samrah,SY,2021-12-01 17:51:41,35.3029,37.1841,54.55,67,26,14.79
216,Clyde River,CA,2021-12-01 17:51:41,70.4692,-68.5914,5.23,92,100,28.77
217,Beringovskiy,RU,2021-12-01 17:51:42,63.05,179.3167,27.19,97,100,20.0
218,Hervey Bay,AU,2021-12-01 17:51:42,-25.2986,152.8535,75.04,96,5,3.0
219,Marsa Matruh,EG,2021-12-01 17:51:43,31.3525,27.2453,64.6,59,40,13.8
220,Srednekolymsk,RU,2021-12-01 17:51:43,67.45,153.6833,-32.17,100,97,6.22
221,Vanderhoof,CA,2021-12-01 17:51:44,54.0166,-124.0198,35.89,87,100,1.74
222,Provideniya,RU,2021-12-01 17:51:44,64.3833,-173.3,-3.64,70,0,3.85
223,Nanortalik,GL,2021-12-01 17:51:44,60.1432,-45.2371,33.55,97,100,29.46
224,Mahebourg,MU,2021-12-01 17:51:45,-20.4081,57.7,77.29,78,40,8.05
225,Cheremukhovo,RU,2021-12-01 17:51:45,60.3484,59.9851,19.13,96,100,6.02
226,Chaoyang,CN,2021-12-01 17:51:46,41.5703,120.4586,27.18,50,0,6.22
227,Nantucket,US,2021-12-01 17:51:46,41.2835,-70.0995,50.11,55,1,14.97
228,Chivilcoy,AR,2021-12-01 17:52:47,-34.8957,-60.0167,75.7,10,91,7.0
229,Dawei,MM,2021-12-01 17:52:47,14.0833,98.2,74.77,64,100,9.06
230,Salalah,OM,2021-12-01 17:52:47,17.0151,54.0924,74.93,43,0,3.67
231,Victoria,HK,2021-12-01 17:50:16,22.2855,114.1577,62.58,41,71,1.01
232,Sao Joao Da Barra,BR,2021-12-01 17:52:48,-21.6403,-41.0511,86.09,79,57,4.0
233,Kinlochleven,GB,2021-12-01 17:52:48,56.7115,-4.9661,41.76,88,26,3.8
234,Saint-Francois,FR,2021-12-01 17:52:49,46.4154,3.9054,46.47,83,90,4.61
235,Havre-Saint-Pierre,CA,2021-12-01 17:52:49,50.2334,-63.5986,26.6,54,90,4.61
236,Buluang,PH,2021-12-01 17:52:49,13.3068,123.3425,77.29,91,100,8.25
237,Lubumbashi,CD,2021-12-01 17:52:50,-11.6609,27.4794,72.79,53,82,4.52
238,Santa Rosalia,MX,2021-12-01 17:52:50,27.3167,-112.2833,74.66,26,0,3.36
239,Rawson,AR,2021-12-01 17:50:51,-43.3002,-65.1023,74.14,30,52,13.18
240,Chimbarongo,CL,2021-12-01 17:52:51,-34.7,-71.05,71.98,18,20,8.88
241,Turek,PL,2021-12-01 17:52:51,52.0155,18.5005,39.88,93,100,18.75
242,Chicama,PE,2021-12-01 17:52:52,-7.8447,-79.1469,66.74,60,81,10.71
243,Cubara,CO,2021-12-01 17:52:52,7.0008,-72.1085,91.11,41,61,5.41
244,Saint George,US,2021-12-01 17:49:57,37.1041,-113.5841,64.35,34,1,3.44
245,Iskateley,RU,2021-12-01 17:52:53,67.6803,53.1512,11.44,94,100,19.24
246,Kyabe,TD,2021-12-01 17:52:53,9.4515,18.9449,85.6,18,41,4.88
247,Adrar,MR,2021-12-01 17:52:54,20.5022,-10.0711,75.18,10,98,9.44
248,Nyurba,RU,2021-12-01 17:52:54,63.2842,118.3319,-25.06,99,100,4.07
249,Dinard,FR,2021-12-01 17:52:54,48.6314,-2.0614,48.81,44,75,16.11
250,Neuquen,AR,2021-12-01 17:49:57,-38.9516,-68.0591,82.29,28,0,5.75
251,Lincoln,US,2021-12-01 17:51:24,40.8,-96.667,61.39,50,1,5.01
252,Norsup,VU,2021-12-01 17:52:55,-16.0667,167.3833,79.83,81,72,5.91
253,Bumba,CD,2021-12-01 17:52:55,2.1833,22.4667,75.36,81,90,2.44
254,Mayo,US,2021-12-01 17:52:56,38.8876,-76.5119,59.38,57,6,5.99
255,Zaysan,KZ,2021-12-01 17:52:56,47.4667,84.8667,16.21,73,100,1.68
256,Constitucion,CL,2021-12-01 17:52:57,-35.3333,-72.4167,63.28,62,62,13.06
257,Guerrero Negro,MX,2021-12-01 17:52:57,27.9769,-114.0611,71.22,53,0,1.74
258,Tilichiki,RU,2021-12-01 17:52:58,60.4667,166.1,4.77,87,75,7.4
259,Fort Nelson,CA,2021-12-01 17:52:58,58.8053,-122.7002,-11.61,84,40,0.0
260,Itarema,BR,2021-12-01 17:52:58,-2.9248,-39.9167,87.13,61,81,15.88
261,Krasnohrad,UA,2021-12-01 17:52:59,49.3814,35.4402,32.61,85,99,12.26
262,Brae,GB,2021-12-01 17:52:59,60.3964,-1.353,35.51,64,100,32.35
263,Orange Cove,US,2021-12-01 17:53:00,36.6244,-119.3137,68.49,29,0,2.48
264,Berlevag,NO,2021-12-01 17:53:00,70.8578,29.0864,33.75,69,75,33.38
265,Alice Springs,AU,2021-12-01 17:53:00,-23.7,133.8833,65.75,55,0,0.0
266,Dingle,PH,2021-12-01 17:53:01,10.9995,122.6711,75.79,93,99,6.02
267,Alta Floresta,BR,2021-12-01 17:53:01,-9.8756,-56.0861,78.62,89,90,5.75
268,Sao Jose Da Coroa Grande,BR,2021-12-01 17:53:02,-8.8978,-35.1478,84.27,58,97,11.16
269,Iqaluit,CA,2021-12-01 17:51:01,63.7506,-68.5145,10.13,85,75,10.36
270,Atuona,PF,2021-12-01 17:53:02,-9.8,-139.0333,78.49,78,38,23.38
271,Emba,KZ,2021-12-01 17:53:03,48.8264,58.1442,36.54,82,22,8.84
272,Los Llanos De Aridane,ES,2021-12-01 17:54:03,28.6585,-17.9182,64.15,76,40,3.0
273,Valparaiso,CL,2021-12-01 17:53:20,-33.0393,-71.6273,68.23,55,0,6.91
274,Ambilobe,MG,2021-12-01 17:54:04,-13.2,49.05,78.1,68,31,2.91
275,Palivere,EE,2021-12-01 17:54:04,58.9664,23.8911,21.09,81,36,3.06
276,Boshnyakovo,RU,2021-12-01 17:54:05,49.6333,142.1667,27.34,97,100,29.57
277,Dikson,RU,2021-12-01 17:54:05,73.5069,80.5464,-7.2,97,100,14.65
278,Carbonia,IT,2021-12-01 17:54:06,39.1672,8.5222,55.0,86,41,8.32
279,Huanren,CN,2021-12-01 17:54:06,41.2647,125.3667,8.83,96,20,3.6
280,Marcianise,IT,2021-12-01 17:54:07,41.0322,14.3009,56.44,88,75,3.44
281,Werda,BW,2021-12-01 17:54:07,-25.2667,23.2833,85.59,28,65,1.83
282,Pederneiras,BR,2021-12-01 17:54:07,-22.3517,-48.775,91.18,34,1,7.07
283,Baykit,RU,2021-12-01 17:54:08,61.67,96.37,-2.47,93,100,2.55
284,Carnarvon,AU,2021-12-01 17:54:08,-24.8667,113.6333,69.87,78,75,19.57
285,Normandin,CA,2021-12-01 17:54:08,48.8333,-72.5321,23.31,63,88,16.11
286,Vondrozo,MG,2021-12-01 17:54:09,-22.8167,47.2833,69.87,94,94,5.32
287,Petrozavodsk,RU,2021-12-01 17:54:09,61.7849,34.3469,18.86,85,100,6.71
288,Puerto Colombia,CO,2021-12-01 17:52:59,10.9878,-74.9547,86.09,75,38,10.42
289,Sao Joaquim,BR,2021-12-01 17:54:10,-28.2939,-49.9317,70.81,38,0,4.36
290,Ugoofaaru,MV,2021-12-01 17:54:10,5.6667,73.0,82.47,75,21,7.54
291,Tuburan,PH,2021-12-01 17:54:10,6.6439,122.2736,80.51,80,100,2.59
292,Makaleng,BW,2021-12-01 17:54:11,-20.9,27.2833,83.1,25,35,10.98
293,Cap Malheureux,MU,2021-12-01 17:54:11,-19.9842,57.6142,77.49,72,6,3.0
294,Seydi,TM,2021-12-01 17:54:11,39.4816,62.9137,63.59,24,94,23.38
295,Naze,JP,2021-12-01 17:54:12,28.3667,129.4833,57.13,66,99,18.66
296,Camacha,PT,2021-12-01 17:54:12,33.0833,-16.3333,63.82,63,40,9.22
297,High Level,CA,2021-12-01 17:52:50,58.5169,-117.136,3.31,85,75,2.3
298,Langsa,ID,2021-12-01 17:54:13,4.4683,97.9683,74.37,97,66,1.43
299,Sovetskiy,RU,2021-12-01 17:54:13,61.3614,63.5842,32.86,99,100,6.78
300,Torbay,CA,2021-12-01 17:49:42,47.6666,-52.7314,42.67,70,75,16.11
301,Tianpeng,CN,2021-12-01 17:54:14,30.9866,103.9393,45.07,67,5,5.03
302,Santa Maria Del Oro,MX,2021-12-01 17:54:14,25.9333,-105.3667,69.13,35,38,2.64
303,Roebourne,AU,2021-12-01 17:54:15,-20.7833,117.1333,87.44,25,5,9.6
304,Puerto Baquerizo Moreno,EC,2021-12-01 17:54:15,-0.9,-89.6,72.59,73,20,13.8
305,Damietta,EG,2021-12-01 17:53:57,31.4165,31.8133,66.09,64,77,14.97
306,Sao Felix Do Xingu,BR,2021-12-01 17:54:15,-6.6447,-51.995,85.15,64,98,2.98
307,Powell River,CA,2021-12-01 17:54:16,49.8496,-124.5361,57.47,87,90,6.91
308,Chenzhou,CN,2021-12-01 17:54:16,25.8,113.0333,44.02,74,2,0.43
309,Luanda,AO,2021-12-01 17:50:07,-8.8368,13.2343,78.8,78,90,14.97
310,Mercedes,AR,2021-12-01 17:54:17,-34.6515,-59.4307,76.51,39,89,6.08
311,Kasulu,TZ,2021-12-01 17:54:17,-4.5767,30.1025,67.77,92,65,0.89
312,Sola,VU,2021-12-01 17:54:17,-13.8833,167.55,81.18,74,35,5.17
313,Auki,SB,2021-12-01 17:54:18,-8.7676,160.7034,77.95,80,95,3.6
314,Shaoyang,CN,2021-12-01 17:54:18,27.2315,111.4525,45.01,47,7,2.21
315,Glenwood Springs,US,2021-12-01 17:54:19,39.5505,-107.3248,54.36,55,1,1.01
316,Upata,VE,2021-12-01 17:54:19,8.0086,-62.3989,75.2,90,85,5.44
317,Linxia,CN,2021-12-01 17:54:19,35.6003,103.2064,23.92,72,1,2.13
318,Laguna,US,2021-12-01 17:55:20,38.421,-121.4238,71.96,86,1,1.99
319,Zhigansk,RU,2021-12-01 17:55:20,66.7697,123.3711,-42.7,99,98,5.48
320,Ternate,ID,2021-12-01 17:55:21,0.8,127.4,81.86,77,100,4.18
321,Leh,IN,2021-12-01 17:55:21,34.1667,77.5833,21.54,49,99,1.14
322,Puerto Rico,AR,2021-12-01 17:50:43,-26.796,-55.024,92.73,22,0,3.22
323,Maniwaki,CA,2021-12-01 17:55:22,46.3834,-75.966,26.98,50,16,6.91
324,Yerbogachen,RU,2021-12-01 17:55:22,61.2767,108.0108,-13.92,99,80,3.47
325,Olafsvik,IS,2021-12-01 17:55:22,64.8945,-23.7142,30.24,71,100,12.59
326,Alto Araguaia,BR,2021-12-01 17:55:23,-17.3147,-53.2153,83.1,63,94,8.32
327,Jirikov,CZ,2021-12-01 17:55:23,50.9951,14.5691,46.47,85,100,13.67
328,Half Moon Bay,US,2021-12-01 17:55:02,37.4636,-122.4286,68.58,68,1,0.0
329,Aklavik,CA,2021-12-01 17:55:24,68.2191,-135.0107,-23.8,76,90,5.75
330,Padang,ID,2021-12-01 17:53:45,-0.9492,100.3543,77.05,87,18,3.0
331,San Miguel El Alto,MX,2021-12-01 17:55:24,21.0167,-102.35,72.84,37,34,5.84
332,Manaure,CO,2021-12-01 17:55:25,11.7751,-72.4445,91.51,52,70,14.03
333,Chervishevo,RU,2021-12-01 17:55:25,56.9464,65.4278,35.89,77,99,13.33
334,Senno,RU,2021-12-01 17:55:25,59.5336,33.9167,20.26,94,100,10.25
335,Kruisfontein,ZA,2021-12-01 17:55:26,-34.0033,24.7314,67.89,90,8,4.88
336,Mount Pleasant,US,2021-12-01 17:52:20,32.7941,-79.8626,70.11,48,1,0.0
337,Izberbash,RU,2021-12-01 17:55:26,42.5696,47.8645,41.09,83,100,18.12
338,Tarko-Sale,RU,2021-12-01 17:55:27,64.9225,77.785,3.4,96,100,11.34
339,Poum,NC,2021-12-01 17:55:27,-20.2333,164.0167,80.65,79,4,13.56
340,Atasu,KZ,2021-12-01 17:55:28,48.6814,71.6433,16.99,82,23,6.4
341,Sechura,PE,2021-12-01 17:52:29,-5.5569,-80.8222,77.02,60,97,13.91
342,La Ronge,CA,2021-12-01 17:55:28,55.1001,-105.2842,17.85,86,90,9.22
343,Kununurra,AU,2021-12-01 17:55:28,-15.7667,128.7333,78.78,83,33,0.0
344,Eureka,US,2021-12-01 17:54:31,40.8021,-124.1637,51.19,66,51,2.95
345,Tupa,BR,2021-12-01 17:55:29,-21.9347,-50.5136,87.4,24,0,7.61
346,Darfo,IT,2021-12-01 17:55:29,45.8779,10.1812,45.03,76,95,0.2
347,Port Arthur,CN,2021-12-01 17:55:30,38.8,121.2667,28.62,53,9,23.22
348,Saldanha,ZA,2021-12-01 17:55:30,-33.0117,17.9442,61.68,76,51,23.96
349,Loukisia,GR,2021-12-01 17:55:30,38.4833,23.45,56.35,62,0,4.45
350,Puerto Escondido,MX,2021-12-01 17:52:46,15.85,-97.0667,85.55,51,90,5.82
351,Pembroke,CA,2021-12-01 17:55:31,45.8168,-77.1162,32.67,53,77,5.88
352,Pangnirtung,CA,2021-12-01 17:55:32,66.1451,-65.7125,15.8,79,75,13.8
353,Victor Harbor,AU,2021-12-01 17:55:32,-35.5667,138.6167,64.8,83,71,4.34
354,Westport,US,2021-12-01 17:55:32,41.1415,-73.3579,50.81,49,100,5.01
355,Gobo,JP,2021-12-01 17:55:33,33.8833,135.15,48.18,62,73,24.87
356,Arlit,NE,2021-12-01 17:55:33,18.7369,7.3853,79.43,13,75,9.35
357,Keti Bandar,PK,2021-12-01 17:55:33,24.1447,67.4497,75.51,55,1,3.74
358,East London,ZA,2021-12-01 17:55:34,-33.0153,27.9116,70.74,78,20,16.11
359,Aksha,RU,2021-12-01 17:55:34,50.2814,113.2867,22.71,61,55,19.77
360,Steubenville,US,2021-12-01 17:54:14,40.3698,-80.634,48.94,61,100,3.0
361,Wangqing,CN,2021-12-01 17:55:35,43.3218,129.7634,14.14,72,9,10.63
362,Acarau,BR,2021-12-01 17:55:35,-2.8856,-40.12,87.39,60,80,16.98
363,Tautira,PF,2021-12-01 17:56:36,-17.7333,-149.15,77.02,79,97,19.51
364,Altamira,BR,2021-12-01 17:56:36,-3.2033,-52.2064,87.89,70,75,5.75
365,Hobyo,SO,2021-12-01 17:56:36,5.3505,48.5268,79.92,73,80,16.06
366,Nelson Bay,AU,2021-12-01 17:56:37,-32.7167,152.15,68.0,97,76,4.32
367,Bowen,AU,2021-12-01 17:53:34,-20.0167,148.2333,75.42,84,1,6.02
368,Naushki,RU,2021-12-01 17:56:37,50.3828,106.1056,7.68,92,76,2.62
369,Igarka,RU,2021-12-01 17:56:38,67.4667,86.5833,-28.91,99,82,6.2
370,Sitka,US,2021-12-01 17:56:38,57.0531,-135.33,36.93,94,100,7.11
371,Tutoia,BR,2021-12-01 17:56:38,-2.7619,-42.2744,91.38,64,95,11.86
372,Paranapanema,BR,2021-12-01 17:56:39,-23.3886,-48.7228,91.24,22,0,8.55
373,Pacatuba,BR,2021-12-01 17:56:39,-3.9842,-38.6203,89.49,45,96,12.64
374,Vestmannaeyjar,IS,2021-12-01 17:56:40,63.4427,-20.2734,32.99,74,0,6.91
375,Kandry,RU,2021-12-01 17:56:40,54.5667,54.1167,35.58,98,100,11.25
376,Husavik,IS,2021-12-01 17:56:40,66.0449,-17.3389,21.11,94,100,12.1
377,Idanre,NG,2021-12-01 17:56:41,7.1127,5.1159,78.94,44,66,2.53
378,Waverley,ZA,2021-12-01 17:56:41,-25.7023,28.2591,75.52,39,71,11.43
379,Santa Isabel Do Rio Negro,BR,2021-12-01 17:56:42,-0.4139,-65.0192,91.56,53,89,2.06
380,Viedma,AR,2021-12-01 17:56:42,-40.8135,-62.9967,89.33,20,62,22.84
381,Ismailia,EG,2021-12-01 17:56:42,30.6043,32.2723,64.49,59,100,11.05
382,Vila,PT,2021-12-01 17:56:43,42.0304,-8.1588,42.33,90,100,4.76
383,Ishigaki,JP,2021-12-01 17:54:55,24.3448,124.1572,67.17,64,99,25.57
384,Yaan,NG,2021-12-01 17:56:43,7.3833,8.5667,86.81,17,98,3.85
385,Adre,TD,2021-12-01 17:56:44,13.4667,22.2,75.33,20,0,10.11
386,Port Moresby,PG,2021-12-01 17:55:17,-9.4431,147.1797,76.42,100,40,4.61
387,Imeni Poliny Osipenko,RU,2021-12-01 17:56:44,52.4201,136.4853,10.98,74,100,22.62
388,Gao,ML,2021-12-01 17:56:45,16.6362,1.637,81.55,12,34,9.66
389,Desaguadero,PE,2021-12-01 17:56:45,-16.5656,-69.0417,61.14,45,91,13.58
390,Ormara,PK,2021-12-01 17:56:45,25.2088,64.6357,75.78,52,0,9.55
391,Rundu,NA,2021-12-01 17:56:46,-17.9333,19.7667,79.74,42,45,5.39
392,Cazones,MX,2021-12-01 17:56:46,20.7167,-97.3167,77.41,65,99,3.78
393,Astoria,US,2021-12-01 17:55:02,46.1879,-123.8313,52.93,97,90,1.99
394,San Rafael Del Sur,NI,2021-12-01 17:56:47,11.8485,-86.4384,88.77,46,80,13.13
395,Lima,PE,2021-12-01 17:55:10,-12.0432,-77.0282,69.13,73,90,6.91
396,Kommunar,RU,2021-12-01 17:56:47,59.6206,30.39,18.93,93,98,5.82
397,Birecik,TR,2021-12-01 17:56:48,37.0294,37.9903,51.01,53,51,2.53
398,Port Hardy,CA,2021-12-01 17:56:48,50.6996,-127.4199,50.76,100,90,0.0
399,Santa Cruz,BO,2021-12-01 17:54:58,-17.8,-63.1667,86.05,58,40,14.97
400,Aleksandrovsk-Sakhalinskiy,RU,2021-12-01 17:56:48,50.8975,142.1561,27.93,96,100,24.54
401,Otradnoye,RU,2021-12-01 17:56:49,59.7775,30.8181,19.45,95,80,4.36
402,Mackenzie,CA,2021-12-01 17:56:49,55.2999,-123.1698,35.82,69,90,3.44
403,Grodzisk Wielkopolski,PL,2021-12-01 17:52:41,52.2276,16.3653,43.77,86,100,17.83
404,Sao Paulo De Olivenca,BR,2021-12-01 17:56:50,-3.3783,-68.8725,84.18,69,97,3.02
405,Diffa,NE,2021-12-01 17:56:50,13.3154,12.6113,80.01,21,44,9.75
406,Conceicao Do Araguaia,BR,2021-12-01 17:56:50,-8.2578,-49.2647,77.2,85,100,2.51
407,Scottsbluff,US,2021-12-01 17:57:51,41.8666,-103.6672,61.23,30,91,11.99
408,Saint-Pierre,RE,2021-12-01 17:57:51,-21.3393,55.4781,74.88,71,20,11.5
409,Bafia,CM,2021-12-01 17:57:52,4.75,11.2333,75.78,66,84,3.31
410,Fairbanks,US,2021-12-01 17:55:02,64.8378,-147.7164,-1.91,77,90,0.0
411,Corvallis,US,2021-12-01 17:53:52,44.5646,-123.262,59.11,94,85,0.58
412,Chkalovskoye,RU,2021-12-01 17:57:52,44.8392,133.0436,10.56,76,32,13.18
413,Ndjole,GA,2021-12-01 17:57:53,-0.1783,10.7649,77.29,93,96,3.29
414,Springdale,US,2021-12-01 17:57:53,36.1867,-94.1288,65.82,59,1,5.99
415,Clovis,US,2021-12-01 17:57:53,36.8252,-119.7029,80.37,68,0,1.9
416,Chibuto,MZ,2021-12-01 17:57:54,-24.6867,33.5306,75.25,69,34,8.88
417,Pimentel,PE,2021-12-01 17:57:54,-6.8367,-79.9342,75.49,60,0,16.11
418,Alofi,NU,2021-12-01 17:57:55,-19.0595,-169.9187,73.29,94,26,11.5
419,Faenza,IT,2021-12-01 17:57:55,44.2857,11.8833,54.97,76,95,3.0
420,Olinda,BR,2021-12-01 17:57:55,-8.0089,-34.8553,85.73,62,40,10.36
421,Mitu,CO,2021-12-01 17:54:12,1.1983,-70.1733,87.57,59,52,4.56
422,Kaitangata,NZ,2021-12-01 17:57:56,-46.2817,169.8464,50.0,95,37,2.75
423,Saint Anthony,US,2021-12-01 17:57:56,45.0205,-93.218,43.56,91,85,1.99
424,Noumea,NC,2021-12-01 17:57:57,-22.2763,166.4572,81.0,99,49,10.27
425,Launceston,AU,2021-12-01 17:57:30,-41.45,147.1667,59.14,91,5,0.0
426,Isangel,VU,2021-12-01 17:57:57,-19.55,169.2667,78.42,83,25,12.48
427,Buin,CL,2021-12-01 17:57:57,-33.7333,-70.75,82.06,20,1,9.95
428,San Matias,BO,2021-12-01 17:57:58,-16.3667,-58.4,94.06,45,98,3.76
429,Stephenville,US,2021-12-01 17:53:54,32.2207,-98.2023,73.76,46,1,6.91
430,Shubarshi,KZ,2021-12-01 17:57:58,48.5872,57.1869,37.45,85,5,7.63
431,Bahia Blanca,AR,2021-12-01 17:55:18,-38.7196,-62.2724,85.59,24,9,11.48
432,Pacific Grove,US,2021-12-01 17:57:59,36.6177,-121.9166,72.55,50,0,1.99
433,Ulaangom,MN,2021-12-01 17:57:59,49.9811,92.0667,6.69,84,41,3.2
434,Port-Gentil,GA,2021-12-01 17:54:03,-0.7193,8.7815,78.76,89,40,4.61
435,Nakskov,DK,2021-12-01 17:58:00,54.8373,11.1284,44.15,87,98,34.16
436,Naranjal,EC,2021-12-01 17:58:00,-2.6667,-79.6167,80.4,69,98,3.58
437,Bud,US,2021-12-01 17:58:01,39.447,-86.1758,46.58,93,100,3.29
438,Strezhevoy,RU,2021-12-01 17:58:01,60.7333,77.5889,30.18,97,100,8.05
439,Pitkyaranta,RU,2021-12-01 17:58:01,61.5734,31.4792,21.25,84,100,13.27
440,Dole,FR,2021-12-01 17:58:02,47.0833,5.5,44.76,94,100,9.62
441,Taua,BR,2021-12-01 17:58:02,-5.9667,-40.3,94.12,27,99,5.77
442,Taksimo,RU,2021-12-01 17:58:03,56.3444,114.8794,8.82,83,99,6.29
443,Feijo,BR,2021-12-01 17:58:03,-8.1642,-70.3536,89.71,48,98,5.14
444,Tymovskoye,RU,2021-12-01 17:58:04,50.8456,142.655,27.95,96,100,8.39
445,Huilong,CN,2021-12-01 17:58:04,31.8111,121.655,43.03,65,9,11.12
446,Rurrenabaque,BO,2021-12-01 17:58:05,-14.4413,-67.5278,87.49,79,75,0.0
447,Inhambane,MZ,2021-12-01 17:58:05,-23.865,35.3833,77.0,78,40,7.0
448,Bagdarin,RU,2021-12-01 17:58:05,54.4333,113.6,4.96,71,11,8.25
449,Sao Filipe,CV,2021-12-01 17:58:06,14.8961,-24.4956,74.77,67,100,13.04
450,Muzhi,RU,2021-12-01 17:58:06,65.3667,64.6667,-0.6,97,100,8.32
451,Hamilton,US,2021-12-01 17:54:06,39.1834,-84.5333,47.12,90,100,1.99
452,Manggar,ID,2021-12-01 17:58:07,-2.8833,108.2667,80.42,77,85,0.89
453,Thomaston,US,2021-12-01 17:56:21,32.8882,-84.3266,70.02,39,1,1.99
454,Turkan,AZ,2021-12-01 17:59:07,40.3639,50.215,53.78,76,20,27.63
455,Cururupu,BR,2021-12-01 17:59:07,-1.8283,-44.8683,89.65,49,86,7.7
456,Kendari,ID,2021-12-01 17:59:08,-3.945,122.4989,75.56,92,100,4.94
457,Najran,SA,2021-12-01 17:59:08,17.4924,44.1277,65.05,26,0,2.98
458,Puerto Suarez,BO,2021-12-01 17:59:09,-18.95,-57.8,95.56,52,75,4.61
459,Japura,ID,2021-12-01 17:59:09,-0.3167,102.35,74.32,95,42,1.5
460,Severomuysk,RU,2021-12-01 17:59:09,56.1481,113.4267,-1.71,96,100,8.48
461,Tocopilla,CL,2021-12-01 17:59:10,-22.092,-70.1979,68.85,67,22,7.61
462,Jardim,BR,2021-12-01 17:59:10,-21.4803,-56.1381,95.79,31,9,3.04
463,Zhob,PK,2021-12-01 17:59:10,31.3411,69.4481,48.88,32,0,0.4
464,Qinhuangdao,CN,2021-12-01 17:59:11,39.9317,119.5883,33.67,46,0,12.57
465,Nanga Eboko,CM,2021-12-01 17:59:11,4.6833,12.3667,75.92,51,88,2.57
466,Rio Gallegos,AR,2021-12-01 17:59:12,-51.6226,-69.2181,57.25,30,75,13.8
467,Alekseyevsk,RU,2021-12-01 17:59:12,57.8406,108.3492,2.53,93,100,7.78
468,Newport,GB,2021-12-01 17:57:10,51.5877,-2.9984,46.85,83,89,23.22
469,Rocha,UY,2021-12-01 17:55:26,-34.4833,-54.3333,68.67,53,62,11.12
470,Pingzhuang,CN,2021-12-01 17:59:13,42.0372,119.2889,26.28,49,0,8.77
471,Ballina,AU,2021-12-01 17:59:13,-28.8667,153.5667,69.76,92,90,8.05
472,Matara,LK,2021-12-01 17:59:14,5.9485,80.5353,76.26,88,24,4.54
473,Brewster,US,2021-12-01 17:59:14,41.3973,-73.6171,49.41,59,100,1.01
474,Los Arcos,PH,2021-12-01 17:59:14,8.6328,125.9856,74.08,99,100,2.06
475,Limoux,FR,2021-12-01 17:59:15,42.9167,2.1667,49.33,61,100,9.8
476,Pangai,TO,2021-12-01 17:59:15,-19.8,-174.35,73.51,88,90,19.57
477,Plouzane,FR,2021-12-01 17:59:15,48.3833,-4.6167,49.08,78,75,11.5
478,Anahuac,MX,2021-12-01 17:59:16,27.2333,-100.15,74.73,49,97,5.44
479,Yelizovo,RU,2021-12-01 17:59:16,53.1873,158.3805,24.94,100,90,8.95
480,Kaniama,CD,2021-12-01 17:59:17,-7.5667,24.1833,67.78,97,80,3.94
481,Paamiut,GL,2021-12-01 17:59:17,61.994,-49.6678,34.63,71,80,49.55
482,Bairiki,KI,2021-12-01 17:59:17,1.3292,172.9752,80.6,78,40,6.91
483,Seoul,KR,2021-12-01 17:59:18,37.5683,126.9778,29.64,79,0,1.14
484,Nome,US,2021-12-01 17:59:18,64.5011,-165.4064,-21.89,79,5,4.68
485,Canico,PT,2021-12-01 17:59:18,32.6333,-16.85,67.28,81,40,1.01
486,Chegdomyn,RU,2021-12-01 17:59:19,51.1167,133.0167,-14.94,100,56,2.01
487,Yulara,AU,2021-12-01 17:59:19,-25.2406,130.9889,78.64,24,0,8.05
488,Fare,PF,2021-12-01 17:59:20,-16.7,-151.0167,80.76,76,100,19.89
489,Safita,SY,2021-12-01 17:59:20,34.8205,36.1153,60.78,61,72,23.89
490,Young,UY,2021-12-01 17:59:20,-32.6833,-57.6333,77.23,36,62,6.8
491,Komsomolskiy,UZ,2021-12-01 17:59:21,40.4272,71.7189,40.42,69,0,4.61
492,Chiclana,AR,2021-12-01 17:59:21,-35.7346,-61.7503,86.04,31,25,8.14
493,Nzega,RW,2021-12-01 17:59:21,-2.479,29.5564,57.11,94,80,2.89
494,Qasigiannguit,GL,2021-12-01 17:59:22,68.8193,-51.1922,39.0,77,100,35.23
495,Kalmunai,LK,2021-12-01 17:59:22,7.4167,81.8167,77.9,81,18,2.64
496,Mount Gambier,AU,2021-12-01 17:59:22,-37.8333,140.7667,57.11,94,90,8.05
497,Yeniseysk,RU,2021-12-01 17:59:23,58.4497,92.1703,20.57,91,100,7.43
498,Nishihara,JP,2021-12-01 17:59:23,26.1842,127.7558,63.68,59,75,10.36
499,Aitape,PG,2021-12-01 17:59:24,-3.1374,142.3475,76.66,91,100,3.69
500,Darnah,LY,2021-12-01 17:59:24,32.767,22.6367,62.31,52,96,15.21
501,Ahuimanu,US,2021-12-01 17:59:24,21.4447,-157.8378,77.45,82,75,8.05
502,Grajau,BR,2021-12-01 17:59:55,-5.8194,-46.1386,91.74,47,100,2.35
503,Aykhal,RU,2021-12-01 18:00:25,66.0,111.5,-11.72,98,100,3.58
504,Dudinka,RU,2021-12-01 18:00:25,69.4058,86.1778,-22.99,100,90,4.36
505,Harare,ZW,2021-12-01 18:00:26,-17.8294,31.0539,74.82,42,16,9.15
506,Maniitsoq,GL,2021-12-01 18:00:26,65.4167,-52.9,35.31,92,100,30.78
507,Leningradskiy,RU,2021-12-01 18:00:27,69.3833,178.4167,-25.37,93,68,7.31
508,Manta,EC,2021-12-01 18:00:27,-0.95,-80.7333,77.29,73,99,9.13
509,Krasnoselkup,RU,2021-12-01 18:00:28,65.7,82.4667,-1.3,95,100,14.85
510,Makhachkala,RU,2021-12-01 17:57:41,42.9764,47.5024,41.02,84,100,12.33
511,Tygda,RU,2021-12-01 18:00:28,53.1167,126.3333,4.03,80,100,4.07
512,Jurado,CO,2021-12-01 18:00:29,7.1053,-77.7641,81.09,78,71,6.44
513,Araouane,ML,2021-12-01 18:00:29,18.9048,-3.5265,80.6,11,35,7.49
514,Borogontsy,RU,2021-12-01 18:00:30,62.6683,131.1683,-23.37,98,81,4.56
515,Quesnel,CA,2021-12-01 17:59:08,52.9999,-122.5029,34.3,93,90,4.61
516,Benjamin Constant,BR,2021-12-01 18:00:30,-4.3831,-70.0311,82.29,85,98,1.66
517,Porosozero,RU,2021-12-01 18:00:31,62.7191,32.727,18.16,94,100,8.21
518,Hailey,US,2021-12-01 18:00:31,43.5196,-114.3153,48.45,64,73,2.59
519,Katastarion,GR,2021-12-01 18:00:31,37.8333,20.7667,53.11,56,78,5.59
520,Sioux Lookout,CA,2021-12-01 18:00:32,50.1001,-91.917,26.67,100,90,5.75
521,Salinas,US,2021-12-01 17:58:42,36.6777,-121.6555,73.83,44,0,4.54
522,Guipavas,FR,2021-12-01 18:00:32,48.4352,-4.3972,49.06,78,75,11.5
523,Dzhebariki-Khaya,RU,2021-12-01 18:00:33,62.2167,135.8,-35.82,96,20,2.89
524,Kazanskaya,RU,2021-12-01 18:00:33,45.4106,40.4361,39.78,91,93,18.59
525,Sri Aman,MY,2021-12-01 18:00:33,1.2376,111.4621,73.56,97,100,1.23
526,Belyy Yar,RU,2021-12-01 18:00:34,53.6039,91.3903,12.09,85,70,4.47
527,Bogale,MM,2021-12-01 18:00:34,16.2833,95.4,72.72,78,22,7.45
528,Kudat,MY,2021-12-01 18:00:34,6.8837,116.8477,79.23,85,97,7.74
529,Tortoli,IT,2021-12-01 18:00:35,39.9256,9.6572,52.99,80,23,9.01
530,Idritsa,RU,2021-12-01 18:00:35,56.3316,28.8988,18.43,98,70,5.06
531,Gabu,GW,2021-12-01 18:00:36,12.2833,-14.2167,90.97,24,3,2.39
532,Vilhena,BR,2021-12-01 18:00:36,-12.7406,-60.1458,81.99,72,88,4.76
533,Yomou,GN,2021-12-01 18:00:36,7.5603,-9.2653,77.04,71,89,0.85
534,Ikom,NG,2021-12-01 17:55:53,5.9667,8.7063,82.58,51,71,2.95
535,Natal,BR,2021-12-01 17:56:21,-5.795,-35.2094,88.45,62,40,16.11
536,Harper,LR,2021-12-01 18:00:37,4.375,-7.7169,80.96,78,89,7.05
537,San Quintin,MX,2021-12-01 17:55:41,30.4833,-115.95,70.72,48,0,3.44
538,Kamaishi,JP,2021-12-01 18:00:38,39.2667,141.8833,36.79,78,72,15.52
539,Shimoda,JP,2021-12-01 17:56:18,34.6667,138.95,43.11,60,1,27.69
540,Kargasok,RU,2021-12-01 18:00:38,59.0556,80.8572,27.73,81,100,14.32
541,Hvide Sande,DK,2021-12-01 18:00:39,56.0045,8.1294,34.09,91,100,41.92
542,Segou,ML,2021-12-01 18:00:39,13.4317,-6.2157,88.05,12,11,7.96
543,Roxana,CR,2021-12-01 18:00:39,10.2753,-83.7513,80.47,96,100,1.9
544,Tigil,RU,2021-12-01 18:00:40,57.8,158.6667,22.46,95,100,15.61
545,Mahibadhoo,MV,2021-12-01 18:00:40,3.7833,72.9667,81.66,79,56,7.07
546,Payo,ID,2021-12-01 18:00:41,-3.7508,103.6372,74.25,84,80,0.78
547,Klyuchi,RU,2021-12-01 18:00:41,52.2667,79.1667,17.24,88,5,8.61
548,Dire,ML,2021-12-01 18:00:42,12.2833,-10.9667,87.57,20,88,2.1
549,Tanggu,CN,2021-12-01 18:00:42,39.0211,117.6469,39.16,42,0,10.96
550,Kotdwara,IN,2021-12-01 18:01:42,29.75,78.5333,63.27,45,100,4.52
551,Gold Coast,AU,2021-12-01 18:01:43,-28.0,153.4333,71.38,95,75,1.01
552,Suslonger,RU,2021-12-01 18:01:43,56.3156,48.2531,27.32,88,99,6.62
553,San Rafael,AR,2021-12-01 18:00:23,-34.6177,-68.3301,82.53,32,3,8.32
554,Marathon,US,2021-12-01 18:01:44,44.9,-89.7668,40.24,84,90,1.01
555,Necochea,AR,2021-12-01 18:01:44,-38.5473,-58.7368,78.04,31,84,11.27
556,Cockburn Town,TC,2021-12-01 17:58:43,21.4612,-71.1419,80.02,73,3,12.77
557,Moron,AR,2021-12-01 18:01:44,-34.6534,-58.6198,72.81,64,99,4.0
558,Luang Prabang,LA,2021-12-01 17:58:19,19.8856,102.1347,58.39,91,54,2.3
559,Cabedelo,BR,2021-12-01 18:01:45,-6.9811,-34.8339,83.98,61,78,12.46
560,Amga,RU,2021-12-01 18:01:45,60.8953,131.9608,-29.74,100,43,2.44
561,Suna,RU,2021-12-01 18:01:46,57.8338,50.0588,28.6,86,100,9.01
